{"train_loss": [0.7225352071580433, 0.4228214824956561, 0.31860405017459204, 0.23833619507532272, 0.19784513695372474, 0.14366282073278275, 0.12909702749715912, 0.10260158425403966, 0.0960823991114185, 0.08067063041149623, 0.06302116701882036, 0.05845867660606191, 0.04053747099602506, 0.03571127839977779, 0.030313997928585325, 0.036343398518742076, 0.02444572771884619, 0.015725589253836207, 0.014917826028688559, 0.02169648464769125, 0.018590090094163778, 0.01611572660742298, 0.009198974965820237, 0.01384207612228772, 0.011257098721606391, 0.007000656975876717, 0.006011682917319593, 0.006270912971111044, 0.003225664155916237, 0.00314246382312997, 0.0026678027333839546, 0.0025966216455258076, 0.0021886450491682996, 0.0017354106844683726, 0.0013538185832282855, 0.001391423528455937, 0.0027715436345528044, 0.0014729193256547053, 0.0021515023554601366, 0.0010358764298467173, 0.0012657331221456092, 0.0008187919091950688, 0.001459451036579493, 0.0010393997956906252, 0.0008396923880181497, 0.0006577907599479197, 0.0008226669955229949, 0.0006417737075401145, 0.0006227393557007114, 0.0007626294479003206], "train_acc": [75.33699450823764, 85.14727908137793, 88.62955566650025, 91.35047428856716, 93.23514727908137, 94.77034448327508, 95.63155267099351, 96.55516724912631, 96.69246130803795, 97.11682476285571, 97.77833250124813, 98.12780828756864, 98.65202196704942, 98.73939091362955, 99.11382925611582, 98.78931602596106, 99.27608587119322, 99.57563654518222, 99.51323015476785, 99.26360459311033, 99.42586120818771, 99.42586120818771, 99.71293060409386, 99.56315526709935, 99.66300549176236, 99.77533699450824, 99.88766849725413, 99.83774338492262, 99.91263105341987, 99.88766849725413, 99.95007488766849, 99.91263105341987, 99.96255616575138, 99.96255616575138, 99.97503744383425, 99.96255616575138, 99.96255616575138, 99.98751872191713, 99.96255616575138, 99.98751872191713, 99.96255616575138, 100.0, 99.97503744383425, 99.98751872191713, 99.98751872191713, 100.0, 99.98751872191713, 100.0, 100.0, 99.98751872191713], "val_loss": [0.5040456037968397, 0.48346987273544073, 0.38888955023139715, 0.4168863941449672, 0.4194490440422669, 0.41205842955969274, 0.40527083771303296, 0.43220386002212763, 0.4457069686613977, 0.431585265789181, 0.4945450406521559, 0.40653087152168155, 0.4580696513876319, 0.44193301163613796, 0.4955930948490277, 0.46553284057881683, 0.411817915039137, 0.4102068874053657, 0.4401036067865789, 0.4596909829415381, 0.43414181721163914, 0.47483689106593374, 0.4534737129579298, 0.5008721884223633, 0.45201166975311935, 0.44604655471630394, 0.4578242495190352, 0.4511647086474113, 0.4364466331899166, 0.4459052643214818, 0.43750293675111607, 0.464673163878615, 0.43043341959128156, 0.4251805816311389, 0.42834781657438725, 0.43195089668734, 0.4395632710948121, 0.4199644166510552, 0.42894058660021983, 0.43343930214177817, 0.41647563013248146, 0.41715102252783254, 0.4271087404922582, 0.4198454176366795, 0.4185599477495998, 0.41949587571434677, 0.41718934261007234, 0.4138461970142089, 0.42227906061452813, 0.4136634701862931], "val_acc": [82.62606090863704, 82.77583624563155, 86.27059410883675, 86.37044433349975, 86.76984523215177, 87.46879680479282, 88.31752371442836, 87.76834747878183, 86.57014478282576, 87.3689465801298, 87.71842236645033, 87.71842236645033, 88.06789815277084, 88.26759860209685, 88.81677483774338, 88.01797304043934, 89.21617573639541, 89.36595107338991, 88.66699950074887, 89.21617573639541, 89.31602596105841, 88.76684972541189, 89.26610084872691, 87.91812281577633, 89.21617573639541, 89.21617573639541, 89.21617573639541, 89.46580129805292, 89.1662506240639, 90.16475287069396, 89.56565152271592, 89.46580129805292, 89.66550174737893, 89.46580129805292, 90.26460309535696, 89.76535197204194, 90.06490264603096, 90.06490264603096, 90.01497753369945, 90.11482775836245, 90.56415376934598, 90.81377933100349, 90.46430354468298, 90.41437843235147, 90.51422865701448, 90.51422865701448, 90.61407888167749, 90.36445332001998, 90.41437843235147, 90.51422865701448]}