{"train_loss": [0.7679731737053583, 0.4772369038491022, 0.3578208386898041, 0.28253504775819327, 0.18895651447394538, 0.13688345738346613, 0.12423899208032896, 0.08360234585901101, 0.05793243126263694, 0.049067045946324626, 0.05065079639473605, 0.03562705276445264, 0.024114706021334444, 0.023264902710382427, 0.030070290634674684, 0.022096316344917766, 0.01448989085971363, 0.01117384999376973, 0.013922399649071314, 0.011927580165248069, 0.017880935842792194, 0.009847200253889674, 0.011562322547274923, 0.008402850227578291, 0.00774172582619247, 0.005513631951226484, 0.003227678630205374, 0.00189281831909385, 0.000835369440859982, 0.0005940036642150806, 0.0017076092550442333, 0.0011568291187618992, 0.0004286418741916321, 0.0004895067259129729, 0.0003995637687492288, 0.00030941646481450234, 0.0002996533576007341, 0.000395135881724797, 0.00030392078573756394, 0.00027843733597177246, 0.0002909727401048359, 0.00028585832097589793, 0.00028234979300390163, 0.00027376496198860603, 0.0002681079398219784, 0.0002522914770192334, 0.00027480707476137294, 0.00026475535918189775, 0.00025992895848864304, 0.0002639915905929806], "train_acc": [72.790813779331, 82.62606090863704, 87.10683974038942, 89.87768347478782, 93.59710434348477, 95.38192710933599, 95.66899650524213, 97.26660009985022, 98.1527708437344, 98.46480279580629, 98.3524712930604, 98.83924113829256, 99.22616075886171, 99.21367948077884, 98.96405391912131, 99.33849226160758, 99.61308037943085, 99.68796804792811, 99.51323015476785, 99.6380429355966, 99.46330504243635, 99.66300549176236, 99.62556165751373, 99.73789316025962, 99.78781827259111, 99.82526210683974, 99.88766849725413, 99.97503744383425, 99.98751872191713, 100.0, 99.96255616575138, 99.97503744383425, 100.0, 100.0, 100.0, 100.0, 100.0, 99.98751872191713, 100.0, 100.0, 100.0, 100.0, 100.0, 100.0, 100.0, 100.0, 100.0, 100.0, 100.0, 100.0], "val_loss": [0.5670623038895428, 0.4385194480419159, 0.41108115995302796, 0.37333113932982087, 0.4135917513631284, 0.39620236633345485, 0.4113178935367614, 0.37595543870702386, 0.46428889769595116, 0.4580408565234393, 0.4374633461702615, 0.41630318271927536, 0.46115143527276814, 0.5341829963726923, 0.4304942328017205, 0.48278274945914745, 0.46046918584033847, 0.5374045120552182, 0.5180821772664785, 0.545245198532939, 0.6004393242765218, 0.6476688028196804, 0.5457301847054623, 0.5815079864114523, 0.5450447592884302, 0.5186300745699555, 0.5627376791089773, 0.5137483440339565, 0.5270132478326559, 0.537838805001229, 0.5579549813410267, 0.5424380186013877, 0.5316833353135735, 0.5348900626413524, 0.5386613528244197, 0.5394805904943496, 0.5404904573224485, 0.5388175342231989, 0.5420603868551552, 0.5437398059293628, 0.5432831987272948, 0.5438392728101462, 0.5448346855118871, 0.544935185695067, 0.5455480942036957, 0.5462973995599896, 0.5461683387402445, 0.5466409346554428, 0.5467815033625811, 0.5469003007747233], "val_acc": [79.38092860708936, 84.07388916625062, 85.07239141288068, 86.22066899650524, 84.87269096355467, 86.27059410883675, 85.82126809785322, 87.86819770344484, 85.92111832251622, 87.2690963554668, 86.47029455816275, 87.81827259111333, 87.46879680479282, 86.71992011982027, 88.51722416375436, 87.76834747878183, 88.16774837743385, 88.06789815277084, 87.71842236645033, 87.61857214178733, 87.66849725411882, 86.02096854717924, 87.01947079380929, 87.1692461308038, 87.61857214178733, 88.51722416375436, 87.46879680479282, 88.66699950074887, 88.96655017473789, 89.1662506240639, 88.86669995007489, 89.21617573639541, 89.1662506240639, 88.76684972541189, 89.1662506240639, 89.46580129805292, 89.31602596105841, 89.46580129805292, 89.41587618572142, 89.36595107338991, 89.46580129805292, 89.36595107338991, 89.31602596105841, 89.31602596105841, 89.21617573639541, 89.36595107338991, 89.36595107338991, 89.46580129805292, 89.46580129805292, 89.46580129805292]}